rank,selectionRank,symbol,quoteVolumeUsdt,dailyBars,onboardDate,status,underlyingType,contractPolicyAccepted,existingRepositoryUnderlying,exactTradingSpot,newUnderlyingRequired,registrationClass,underlyingPolicyExclusion,complete
"1","1","BTCUSDT","3289770164044.48460","282","2019-09-08T17:55:00.000Z","TRADING","COIN","true","true","true","false","existing_underlying_candidate","","true"
"2","2","ETHUSDT","2644388339994.75137","282","2019-11-27T07:45:00.000Z","TRADING","COIN","true","true","true","false","existing_underlying_candidate","","true"
"3","3","SOLUSDT","563724406118.390720","282","2020-09-14T07:00:00.000Z","TRADING","COIN","true","true","true","false","existing_underlying_candidate","","true"
"4","4","ZECUSDT","270341863471.61891","282","2020-02-05T08:00:00.000Z","TRADING","COIN","true","true","true","false","existing_underlying_candidate","","true"
"5","5","XRPUSDT","247045342507.15344","282","2020-01-06T08:20:00.000Z","TRADING","COIN","true","true","true","false","existing_underlying_candidate","","true"
"7","6","DOGEUSDT","146323505606.342620","282","2020-07-10T09:00:00.000Z","TRADING","COIN","true","true","true","false","existing_underlying_candidate","","true"
"8","7","BNBUSDT","107827347487.66470","282","2020-02-10T08:00:00.000Z","TRADING","COIN","true","true","true","false","existing_underlying_candidate","","true"
"10","8","SUIUSDT","66531488571.8794400","282","2023-05-03T00:00:00.000Z","TRADING","COIN","true","true","true","false","existing_underlying_candidate","","true"
"12","9","NEARUSDT","61800673143.5330","282","2020-10-15T08:00:00.000Z","TRADING","COIN","true","true","true","false","existing_underlying_candidate","","true"
"13","10","ADAUSDT","55696882659.77270","282","2020-01-31T08:00:00.000Z","TRADING","COIN","true","true","true","false","existing_underlying_candidate","","true"
"15","11","WLDUSDT","50546938684.2797000","282","2023-07-24T12:00:00.000Z","TRADING","COIN","true","true","true","false","existing_underlying_candidate","","true"
"16","12","TAOUSDT","47641432449.99389","282","2024-04-11T14:30:00.000Z","TRADING","COIN","true","true","true","false","existing_underlying_candidate","","true"
"17","13","ENAUSDT","44322351273.5965700","282","2024-04-02T12:30:00.000Z","TRADING","COIN","true","true","true","false","existing_underlying_candidate","","true"
"19","14","LINKUSDT","39188558815.40105","282","2020-01-17T08:00:00.000Z","TRADING","COIN","true","true","true","false","existing_underlying_candidate","","true"
"20","15","AVAXUSDT","37686268630.9780","282","2020-09-23T07:00:00.000Z","TRADING","COIN","true","true","true","false","existing_underlying_candidate","","true"
"22","16","UNIUSDT","35781559671.8850","282","2020-09-18T07:00:00.000Z","TRADING","COIN","true","true","true","false","existing_underlying_candidate","","true"
"25","17","TRUMPUSDT","33348563171.51570000","282","2025-01-18T13:00:00.000Z","TRADING","COIN","true","true","true","false","existing_underlying_candidate","","true"
"30","18","LTCUSDT","25047226247.82623","282","2020-01-09T08:05:00.000Z","TRADING","COIN","true","true","true","false","existing_underlying_candidate","","true"
"31","19","ASTERUSDT","23750541740.4644000","282","2025-09-19T12:00:00.000Z","TRADING","COIN","true","true","true","false","existing_underlying_candidate","","true"
"32","20","XLMUSDT","23313186574.97214","282","2020-01-20T08:00:00.000Z","TRADING","COIN","true","true","true","false","existing_underlying_candidate","","true"
"50","21","TRXUSDT","14037890948.31121","282","2020-01-15T08:05:00.000Z","TRADING","COIN","true","true","true","false","existing_underlying_candidate","","true"
"66","22","CHIPUSDT","11347234619.8738200","177","2026-04-16T07:15:00.000Z","TRADING","COIN","true","true","true","false","existing_underlying_candidate","","true"
"178","23","NIGHTUSDT","4241240975.6480000","282","2025-12-10T11:00:00.000Z","TRADING","COIN","true","true","true","false","existing_underlying_candidate","","true"
